<?xml version="1.0" encoding="UTF-8"?><rss version="2.0"
	xmlns:content="http://purl.org/rss/1.0/modules/content/"
	xmlns:dc="http://purl.org/dc/elements/1.1/"
	xmlns:atom="http://www.w3.org/2005/Atom"
	xmlns:sy="http://purl.org/rss/1.0/modules/syndication/"
	
	>
<channel>
	<title>
	Comments for Home	</title>
	<atom:link href="/comments/feed/" rel="self" type="application/rss+xml" />
	<link>/</link>
	<description>Just another WordPress site</description>
	<lastBuildDate>Tue, 06 Sep 2022 01:18:21 +0000</lastBuildDate>
	<sy:updatePeriod>
	hourly	</sy:updatePeriod>
	<sy:updateFrequency>
	1	</sy:updateFrequency>
	<generator>https://wordpress.org/?v=6.0.2</generator>
	<item>
		<title>
		Comment on What is DevOps by Jacob Ramey		</title>
		<link>/sample-page/#comment-4</link>

		<dc:creator><![CDATA[Jacob Ramey]]></dc:creator>
		<pubDate>Tue, 06 Sep 2022 01:18:21 +0000</pubDate>
		<guid isPermaLink="false">http://127.0.0.1/?page_id=2#comment-4</guid>

					<description><![CDATA[I think Mark did a great job of describing DevOps and I really like how he emphasized shared responsibility in the process of creation. I would describe DevOps as the pursuit of streamlining the process of creating a service with all the members that are involved and creating the most optimized team to create that service.]]></description>
			<content:encoded><![CDATA[<p>I think Mark did a great job of describing DevOps and I really like how he emphasized shared responsibility in the process of creation. I would describe DevOps as the pursuit of streamlining the process of creating a service with all the members that are involved and creating the most optimized team to create that service.</p>
]]></content:encoded>
		
			</item>
	</channel>
</rss>
